1,,Walkin,Walkin,,,0000
2,8088019830,Brent,Cummings,9197 Hatchet Drive,96815,7347
3,6178436488,Dwight,Logan,1760 Clearview Street,02109,8133
4,5020070907,Shatika,Gilbert,4407 Green Street,40342,7963
5,7013845623,Charlotte,Anderson,4333 Highland Court,58102,9175
6,6067403304,Searoba,Hopkins,3183 Highland Court,40330,7955
7,4081049807,Anita,Robinson,8177 Horse Park Lane,95035,6366
8,6066888141,Cora,Reid,8351 Locust Street,41073,7925
9,7025333419,Elwood,Henson,4042 West Ridge Drive,89125,9636
10,3027017398,Kaye,Maynard,5095 Sugar Grove Road,19901,6829
11,5024441587,Lee,Gentry,5744 High Street,40342,7963
12,6080062256,Chris,Haley,6087 Spring Street,54601,11596
13,3044776629,Jolene,Garrison,1830 Glenview Drive,26261,26261
14,6147212870,Beth,Patterson,3688 Long Hollow Pike,43216,10031
15,4091163589,Connie,Fisher,4491 Evergreen Circle,77550,11013
16,5028633037,Rosie,Wade,7661 Trident Place,42240,7960
17,6066347076,Carly,Embry,2869 Sanders Ferry Road,40383,8000
18,4143315679,David,Lawrence,9326 Halltown Road,53916,11492
19,5058254065,Lisa,Zhang,477 Rolling Acres Drive,87501,9616
20,2075857583,Reva,Kidd,5594 Halltown Road,04401,8525
21,6156469874,Sarah,Mills,8904 Horseshoe Road,37167,10893
22,7069774337,Inga,Adkins,8831 Cardinal Lane,30720,7244
23,6060846983,Jerome,Cummings,2501 Club Circle,41101,8002
24,6159698901,Floyd,Young,969 Windsor Park Lane,37130,10877
25,5028638898,Gaylen,Wilson,1221 Johnson Drive,40229,7959
26,6066919745,Trina,Howe,2821 35th Street,40701,7932
27,6088253740,Archie,Mitchell,1326 Cedar Avenue,53590,11647
28,4085757000,Gina,Samuels,2026 Homewood Blvd.,95035,6366
29,8020784749,Kelly,Moore,6116 Clearview Street,05753,11393
30,9190147544,Rodney,Edmunds,5560 Greenfield Lane,27514,9090
31,3132607386,Nancy,Froedge,1399 Williamsburg Drive,48152,48152
32,6192812485,Searoba,Allbright,5260 College Street,92109,92109
33,3145105228,Colleen,Latham,2864 Dolhous Drive,63366,8962
34,4141682952,Cathy,Hampton,7295 Hazel Path,53203,53203
35,4069879338,Kimberly,Adams,5064 Pleasant Valley Drive,59901,9069
36,5010712650,Lloyd,Holland,9011 Bayshore Drive,72201,5984
37,5170398300,Fannie,McPherson,4184 Tick Ridge Road,48924,48924
38,3074778112,Jay,Franklin,9105 Ridge Top Road,82070,82070
39,3043528602,Dorothy,Williams,9286 Jackson Avenue,25550,25550
40,6120890074,Darrell,Oberhausen,9556 Cumberland Hills Drive,55101,8864
41,5026917565,Melinda,Craig,9217 Blue Lake Way,40218,7979
42,6150411934,Jackie,Froedge,243 West Ridge Drive,37027,10819
43,5170573491,Jasper,Killen,4869 Sequoia Lane,48924,48924
44,4129333710,Dale,Hammer,9707 Elm Hill Circle,15106,10617
45,6063720229,Shirley,Gregory,8982 Circle Drive,40356,7981
46,2016542441,Cassy,Tuck,7977 Fairways Drive,07015,9322
47,8040205842,Bernice,Carver,8170 Roberts Road,23320,11276
48,5082012483,Dwight,Parrish,9904 Plum Springs Road,01613,8363
49,2108517566,Wallace,Galloway,4358 Cherokee Road,78284,78284
50,7049791610,Lenny,Lee,9940 Girkin Road,28204,9091
51,7154837737,Clyde,Jernigan,5325 Cherry Street,54022,11636
52,9192891383,Gladys,Pendleton,1805 Sunset Place,27611,9144
53,8179987894,Jackie,Grayson,6540 Sandy Valley Road,76010,76010
54,5029712715,Mark,Green,8968 Camino Circle,40291,7943
55,6063750721,Wendell,Thomas,8963 Pine Branch Trace,40330,7955
56,5074370059,Sidney,Hughes,4386 Sherwood Lane,56007,8771
57,2192632040,Phillip,Carter,20 Green Street,27514,9090
58,7035430176,Sam,McCain,445 Industrial Drive,22101,11368
59,3609177520,Cindy,Rhodes,7425 Virginia Street,98501,11533
60,5020293909,Lou Ann,Baez,2528 Hot Springs Avenue,42718,7930
61,3044161309,Marvin,McDonald,8045 Lovers Lane,25301,11671
62,9134961897,Phyllis,Tuck,2150 Volunteer Drive,66502,7901
63,3014856261,Earl,Grimes,6485 Pepper Street,21701,8426
64,5021357679,Conrad,Fowler,8114 Cherry Street,42420,7957
65,8175287955,Linda,Riggs,593 White Oak Court,76101,76101
66,6066834113,Adrian,Greer,6597 Skyline Drive,40422,7935
67,4147157191,Floyd,Kennedy,3566 Elementary Drive,54305,54305
68,9013121555,Ella,Kidd,3626 Webster Road,38101,10871
69,9192058147,Mandy,Elliott,4839 Long Hollow Pike,27514,9090
70,3134388733,Jerry,Poe,5879 Dixie Way,48233,48233
71,7028671893,Herman,Moseley,4461 Southern Drive,89114,89114
72,3606499754,Gayle,Bailey,8233 Whisper Woods Road,98201,11522
73,6030757437,Hershel,Keen,8124 Industrial Drive,03060,9261
74,6062413182,Frieda,Hinton,9015 Cherokee Road,41042,7945
75,8024335007,Sharon,Sexton,2551 Elementary Drive,05641,11382
76,3040621621,Evelyn,Montgomery,6386 Main Street,25550,25550
77,5205208733,Bart,Gillespie,3422 Breeder Road,85726,6067
78,5056462748,Elaine,Hall,1790 Cedar Avenue,88310,9586
79,3179958449,Darcy,Pitts,523 Shoreside Drive,46206,7808
80,5158465222,Juanita,Vance,8916 High Street,50010,7378
81,6066612765,Bessie,Baez,7313 Humble Avenue,41031,7934
82,3074485424,Basil,Davidson,9102 Rocky Mound Road,82071,11701
83,4143348130,Ada,Jones,4590 Tobacco Road,54956,11614
84,6174673438,David,Sims,6623 Glenview Drive,02116,2116
85,5025951052,Glen,Cartwright,448 Sanders Ferry Road,42001,42001
86,6181099250,Bert,Hooks,9801 Hatchet Drive,62269,7661
87,6067933172,Lucille,Cummings,1209 Center Point Road,40391,8004
88,7036112557,Christa,Mallory,6370 N. Main Street,22101,11368
89,3088731375,Kaye,Foster,520 Pace Street,68847,9198
90,4084272162,Connie,Nichols,4039 Greensburg Street,95035,6366
91,5028827631,Conrad,Ferguson,6300 Dorcas Drive,40207,40207
92,6084813369,Tim,Zeller,9682 Ridge Top Road,53701,53701
93,3142425743,Floyd,Dye,7730 Crosby Drive,63155,63155
94,8024584329,Dan,Kennedy,3108 Troon Court,05401,11402
95,7151404710,Clarence,Kinser,6964 Poplar Ridge Road,54701,54701
96,9133444761,Inez,Maynard,3832 College Street,66502,7901
97,7156230861,Adam,Rich,2759 Peterson Avenue,54401,54401
98,7016913002,Wilmer,Pardue,1790 N. Main Street,58102,9175
99,7172443484,Luther,Bell,5703 Cave Springs Road,17325,10493
100,6063269807,Reva,Killen,5442 Halltown Road,41056,7971
